Sno,Category,Level,ContentType,Subject,Area,ContentName,VideoLinks
1,Teacher,Primary ,Video Cut,Maths,Operations,Addition with Dots || बिन्दुओं से जोड़ निकालें,https://youtu.be/2-hoqj0llVQ 
2,Teacher,Upper Primary,Video,English,Miscellaneous,Designing Effective Assessment,https://youtu.be/6oCyga6C0ns 
3,Teacher,Upper Primary,Video Cut,Maths,Geometry,Similar vs Congruent Triangles || सर्वांगसमता और समरूपता में क्या अंतर है?,https://youtu.be/6tNB3omRj8o 
4,Teacher,Primary ,Video Cut,Maths,Operations,Learning Division with Dots || बिन्दुओं से संख्याओं का भाग,https://youtu.be/WPsK8NSs7yU 
5,Teacher,Primary ,Video,Maths,Operations,बिन्दुओं से गणितीय संक्रियाएँ || Exploding Dots,https://youtu.be/gCJfuAtHe2o 
6,Teacher,Primary ,Video Cut,English,Writing,Teaching Paragraph Writing,https://youtu.be/-_SVFF1Ub1I 
7,Teacher,Upper Primary,Video,English,Grammar,Teaching Grammar through Stories,https://youtu.be/bOfNRSwj6Hs
8,Teacher,Upper Primary,Video Cut,Maths,Geometry,When and Why Corresponding angles are equal ? || संगत कोण बराबर - कब और क्यों ?,https://youtu.be/5WvAy0EEsZ4 
9,Teacher,Upper Primary,Video,Maths,Algebra,Introducing Algebraic Expressions,https://youtu.be/yAZETr6ff4g 
10,Teacher,Primary ,Video,English,Miscellaneous,FLN || Developing Literacy,https://youtu.be/q6488folL8Q
11,Teacher,Primary ,Video Cut,English,Reading,Reading Comprehension for Class 3 to 5,https://youtu.be/3Kgn-Vl1usQ
12,Teacher,Primary ,Video,Maths,Numbers,FLN : आधारभूत गणितीय कौशल || चित्रों से गणित,https://youtu.be/t0ZhqOpzlKA 
13,Teacher,Primary ,Video,Pedagogy and Tech Tools,,प्रज्ञान रिफ्रेशर कार्यशाला,https://youtu.be/XdjB5b8qV3k
14,Teacher,Upper Primary,Video Cut,Maths,Geometry,What is a Transversal? || तिर्यक रेखा क्या होती है?,https://youtu.be/INmUbdmK6n4 
15,Teacher,Primary ,Video Cut,English,Reading,Teaching Minimal Pair Words,https://youtu.be/64uH8oK2VmY
16,Teacher,Upper Primary,Video Cut,Maths ,Geometry,Do Parallel Lines Meet? || क्या समांतर रेखाएँ कभी मिलती हैं ?,https://youtu.be/gLOEUzHl_KA
17,Teacher,Primary ,Video,Hindi,,FLN || बुनियादी साक्षरता,https://youtu.be/0Zt4v7zbAnA
18,Teacher,Primary ,Video cut,English,Reading,Long Vowel Sound,https://youtu.be/qHVvAPdC8Nc
19,Teacher,Upper Primary,Video Cut,Maths ,Geometry,"""घन और आयतन"" बच्चों के साथ || Easy way to learn Cubes and Volume",https://youtu.be/KVH8VpAVEiE
20,Teacher,Primary ,Video Cut,English,Reading,Teaching English Letters Part 2,https://youtu.be/4lO3nHgD75E
21,Teacher,Upper Primary,Video,Maths ,Geometry,"Triangles and their Congruence
",https://youtu.be/8RYh8_gM1jQ
22,Teacher,Upper Primary,Video,English,Miscellaneous,Competencies through Stories || Online Workshop-2 on English Language Teaching,https://youtu.be/069iZz8NO3k
23,Teacher,Primary ,Video Cut,English,Miscellaneous,Introducing English Letters and Sounds Part 1,https://youtu.be/e4XeEvGzCvM
24,Teacher,Upper Primary,Video Cut,Maths ,Numbers,दशमलव संख्याओं कैसे पढ़ें और लिखें? || How to read and write Decimal numbers?,https://youtu.be/hM1nR_4Pbxo
25,Teacher,Primary ,Video Cut,English,Listening & Speaking,Teaching English in Class 1 || Using Rhymes and Stories,https://youtu.be/7Zv6h127G5w
26,Teacher,Primary ,Video,General Topics,,बच्चे भूल क्यूँ जाते हैं ?,https://youtu.be/VQxDdcMFvlM
27,Teacher,Upper Primary,Video,Maths,Geometry,Lines and Angels || Working with Alternate and Corresponding Angles,https://youtu.be/b102n-YrWT8
28,Teacher,Primary ,Video Cut,English,Miscellaneous,Let's learn Vowel Sounds || 5 Letters and 20 Vowel Sounds,https://youtu.be/HfIvSsxRDak
29,Teacher,Primary ,Video,English,Miscellaneous,NAS in English?,https://youtu.be/fUhuFK_b_-Y
30,Teacher,Upper Primary,Video Cut,Maths ,Numbers,Multiplication in Decimal Numbers || दशमलव संख्याओं में गुणा,https://youtu.be/1JOl4_mrDYw
31,Teacher,Primary ,Video,Maths ,Numbers,भिन्न की भूलभुलैया,https://youtu.be/4UtRYrVkfPE
32,Teacher,Upper Primary,Video,English,Reading,Teaching Stories and Poems,https://youtu.be/fGqJVXVKmsc
33,Teacher,Primary ,Video,English,Grammar,Teaching Verb || Introduction - Activities - Assessment,https://youtu.be/zEKdSdIXLHk
34,Teacher,Primary ,Video,Maths ,Numbers,सपाट पासा || Sapat Pasa,https://youtu.be/7RTI0OyftHU
35,Teacher,Primary ,Video Cut,English,Miscellaneous,Let's learn Consonant Sounds,https://youtu.be/O4JPj-a7tJw
36,Teacher,Primary ,Video,Hindi,,राष्ट्रीय उपलब्धि सर्वेक्षण 2021 : हिंदी भाषा शिक्षण,https://youtu.be/sv0O62Oc0FI
37,Teacher,Primary ,Video,Maths,Miscellaneous,राष्ट्रीय उपलब्धि सर्वेक्षण 2021 : गणित शिक्षण,https://youtu.be/ef1NIqBkdQw
38,Teacher,Upper Primary,Video Cut,Maths,Numbers,Working with Decimal Numbers || दशमलव संख्याओं से दोस्ती,https://youtu.be/sPp183iWvW8
39,Teacher,Primary ,Video,English,Reading,A Picnic Story,https://youtu.be/GbR4XVNBGFA
40,Teacher,Primary ,Video,Math,Numbers,मिश्रित भिन्न || Mixed Fraction,https://youtu.be/vpeY1fdM_s4
41,Teacher,Primary ,Video,Hindi,,बच्चों के अनुभव और भाषा शिक्षण,https://youtu.be/2c-5_7Iicvo
42,Teacher,Primary ,Video Cut,English,Miscellaneous,Letter and Sound relationship in English Language,https://youtu.be/jIJperRRlPY
43,Teacher,Upper Primary,Video,Maths ,Numbers,सीखें- सिखाएं दशमलव संख्याएं और उनकी संक्रियाएं,https://youtu.be/13tdbelKNVk
44,Teacher,Primary ,Video Cut,Maths,Numbers,भिन्न से दशमलव का परिचय || Learning Decimals from Fractions,https://youtu.be/v_PDHkteE1s
45,Teacher,Primary ,Video Cut,English,Miscellaneous,English and Hindi: Sentence Structures || अंग्रेजी एवं हिन्दी भाषा : संरचना और अंतर,https://youtu.be/PKztnURLG_0
46,Teacher,Primary ,Video,English,Miscellaneous,Teaching English || कक्षा 2 और 3 में अंग्रेजी कैसे पढ़ाएं?,https://youtu.be/QuebmVaJAIE
47,Teacher,Primary ,Video Cut,English,Miscellaneous,What is CVCV Pattern in English Language? || अँग्रेजी भाषा में CVCV pattern,https://youtu.be/Ks1J7U7EPsk
48,Teacher,Primary ,Video Cut,Maths,Miscellaneous,क्या गणित अमूर्त है ? || Abstract nature of Mathematics,https://youtu.be/VtdzaO5kZpg
49,Teacher,Primary ,Video Cut,Hindi,,क्या है लंबा क्या है गोल - विशेषण गतिविधि || Learning adjectives with activity,https://youtu.be/4U0OK3oEQk8
50,Teacher,Primary ,Video,General Topics,,शिक्षा के बदलते मुहावरे || 21वीं सदी की दक्षताएं,https://youtu.be/URSxxYxkbEw
51,Teacher,Primary ,Video,General Topics,,ज्ञान एवं ज्ञान के प्रकार,https://youtu.be/p3Xq4xZngLs
52,Teacher,Primary ,Video Cut,English,Miscellaneous,Reading words and letters in context || संदर्भ के साथ अंग्रेजी शब्दों और अक्षरों से परिचय,https://youtu.be/xwap7mARMpE
53,Teacher,Upper Primary,Video,Maths,Numbers,भिन्न से दशमलव की यात्रा,https://youtu.be/S0eZfFnnHF4
54,Teacher,Primary ,Video cut,Maths,Numbers,आओ जाने दाशमिक संख्या पद्धति || Let's know about Base Ten Number System,https://youtu.be/zwXtVm2tYX8
55,Teacher,Primary ,Video,English,Miscellaneous,Teaching English || कक्षा 1 में अंग्रेजी कैसे पढ़ाएं?,https://youtu.be/xqIYTFwdR0Q
56,Teacher,Primary ,Video cut,Maths,Geometry,दिशा व स्थान की गतिविधियां : प्राथमिक गणित || Maps and Views : Primary Maths,https://youtu.be/aQLCV5LF0Co
57,Teacher,Primary ,Video cut,Hindi,,हिन्दी भाषा में लिखित अभिव्यक्ति : क्लोज़ टेस्ट || Cloze Test Activity : Hindi Writing,https://youtu.be/q7Xzk9gZxJM
58,Teacher,Primary ,Video,English,Miscellaneous,अंग्रेज़ी के कितने अक्षर? || Mystery of Vowels,https://youtu.be/aTi6iWPLj_o
59,Teacher,Primary ,Video cut,Maths,Numbers,देखें और अनुमान लगाएँ : भिन्न संख्याएँ || Guess the given fraction,https://youtu.be/Ks79DVYjNQ8
60,Teacher,Primary ,Video cut,Hindi,,कहानी शिक्षण रुचिकर बनाएँ : हिन्दी भाषा शिक्षण ll Activities with Stories: Hindi Language Teaching,https://youtu.be/Q8zbcBiBdNc
61,Teacher,Primary ,Video,Hindi,,चित्रों का संसार और हिन्दी भाषा शिक्षण : हिंदी भाषा शिक्षण,https://youtu.be/LHXuMEMB27U
62,Teacher,Primary ,Video,English,Reading,Exploding Words ll शब्दों का खेल,https://youtu.be/4VMqyhAIr3g
63,Teacher,Primary ,Video cut,Maths,Numbers,भिन्न शिक्षण: मॉडल ll Model of Fractions,https://youtu.be/ECbWHPo2Tys
64,Teacher,Primary ,Video,General Topics,,कक्षा में समूह कार्य - क्यूँ और कैसे ?,https://youtu.be/Ikv8TW-t-dI
65,Teacher,Primary ,Video cut,English,Reading,Reading & Comprehension Game ll किसके पास सवाल - किसके पास जवाब,https://youtu.be/Muc8bTRJ_7c
66,Teacher,Primary ,Video Cut,Hindi,,निबंध लेखन बनाएँ आसान ll Easy way of Essay Writing,https://youtu.be/jqdw9ovBogM
67,Teacher,Primary ,Video cut,Maths,Numbers,भिन्न संख्याओं में जोड़ ll Addition in Fraction Numbers,https://youtu.be/DmJs0ffLCR0
68,Teacher,Primary ,Video Cut,Pedagogy and Tech Tools,,How to use Google Classroom?,https://youtu.be/wJutJIMOS2o
69,Teacher,Primary ,Video,Pedagogy and Tech Tools,,How to create meeting in Zoom?,https://youtu.be/LrcE5dfaUJc
70,Teacher,Primary ,Video Cut,Pedagogy and Tech Tools,,How to create meeting in Google Meet?,https://youtu.be/73U324wndBo
71,Teacher,Primary ,Video,English,Reading,Making Reading Fun ll Activities for stories and poems,https://youtu.be/Sujxw0tTcLA
72,Teacher,Primary ,Video Cut,Hindi,,समाचार पत्र से भाषा शिक्षण ll Role of Newspapers in language classroom,https://youtu.be/SCG1remyCdw
73,Teacher,Upper Primary,Video Cut,Maths,Algebra,गणितीय समीकरण से परिचय ll Introducing Algebric Equations,https://youtu.be/wLBnLuB2B04
74,Teacher,Primary ,Video Cut,English,Speaking,English Speaking With Questions and Answers ll प्रश्न और उत्तर के साथ अंग्रेजी बोलना,https://youtu.be/4S5YQb41s3w
75,Teacher,Primary ,Video Cut,Hindi,,हिन्दी भाषा शिक्षण : शब्द निर्माण,https://youtu.be/fV87TrNVFoY
76,Teacher,Primary ,Video Cut,English,Reading,Counting Letter Game-Teaching Vocabulary and Nouns || अंग्रेजी भाषा शिक्षण: शब्दकोश एवं संज्ञा,https://youtu.be/j_AIqaWdG68
77,Teacher,Primary ,Video cut,English,Reading,Using Pictures for English Comprehension || अंग्रेजी भाषा शिक्षण में चित्र का प्रोयोग,https://youtu.be/ugNpaRfq2Pw
78,Teacher,Primary ,Video cut,English,Grammar,Teaching Nouns and Pronouns Using Books,https://youtu.be/U0IVbGiQWgs
79,Teacher,Primary ,Video cut,Maths,Operations,Addition - Multiplication on Number Line || संख्या रेखा पर जोड़,https://youtu.be/ezAivHDb744
80,Teacher,Primary ,Video cut,English,Reading,Poems and storytelling for kids in English || कविता और कहानी लेखन हिंदी,https://youtu.be/yo9w8h6vYNA
81,Teacher,Upper Primary,Video,Hindi,,शब्दों का संसार: कहानी व कविता शिक्षण,https://youtu.be/poBSdlW4Wq8
82,Teacher,Primary ,Video,Maths,Numbers,भिन्न की भूल-भुलैया: भिन्न संख्याओं के प्रकार व संक्रियाएँ,https://youtu.be/lJ4u27-SR6s
83,Teacher,Upper Primary,Video,General Topics,,सुरक्षित विद्यालय-अवधारणा व प्रक्रियाएँ,https://youtu.be/aPWyUA0C7dk
84,Teacher,Upper Primary,Video,General Topics,,आज की शिक्षा और कल के रोजगार,https://youtu.be/b-hixGzrSxU
85,Teacher,Upper Primary,Video,General Topics,,विद्यालयी शिक्षा और जेंडर,https://youtu.be/8O2Mmc8P3OQ
86,Teacher,Primary ,Video,Hindi,,भाषा शिक्षण में लिखित अभिव्यक्ति,https://youtu.be/PdPjwVKJMgE
87,Teacher,Primary ,Video,Maths,Algebra,अंकगणित से बीजगणित 1 2 3.. से x y z.. का सफर बनाएँ आसान,https://youtu.be/kO9w3kxzcB4
88,Teacher,Primary ,Video,Hindi,,भाषाई व्यवहार में व्याकरण,https://youtu.be/BbQOXBa6BZw
89,Teacher,Primary ,Video cut,Maths,Operations,Word problems in Mathematics || operations of addition and subtraction || गणितीय संक्रियाओं से इबारत,https://youtu.be/_rwP1IHGSNU
90,Teacher,Primary ,Video,English,Miscellaneous,आओ खेलें अंग्रेजी के खेल || Interesting Games for Teaching English,https://youtu.be/qHh3MyjqmjY
91,Teacher,Primary ,Video cut,English,Writing,Story writing based on pictures || चित्रों से कहानियाँ - अंग्रेजी भाषा,https://youtu.be/tueBOzm-wQM
92,Teacher,Primary ,Video cut,Maths,Operations,Dividing a number by zero || संख्या का शून्य से भाग,https://youtu.be/fndD0l51V3M
93,Teacher,Primary ,Video cut,English,Grammar,Grammar activity on name place animal thing,https://youtu.be/r0oI5YyDCRc
94,Teacher,Primary ,Video cut,Maths,Operations,Fun with Multiplication tables || खेल खेल में पहाड़े,https://youtu.be/Rf8HbCgHmLk
95,Teacher,Primary ,Video,Hindi,,हिन्दी भाषा शिक्षण: सीखने-सिखाने के रोचक तरीके,https://youtu.be/_Cg_YNas8_Q
96,Teacher,Primary ,Video cut,English,Writing,word pyramid in english vocabulary || शब्द कोष : पिरामिड का उपयोग,https://youtu.be/2SSVU12mdBs
97,Teacher,Primary ,Video cut,Maths,Numbers,Learn LCM using fun activity || जानें और समझें: LCM लघुत्तम समापवर्त्य,https://youtu.be/XZq0JQsZolg
98,Teacher,Primary ,Video cut,English,Reading,Cloze Test || English TLM || teaching aids || क्लोज़ टेस्ट के जरिये अंग्रेज़ी भाषा शिक्षण,https://youtu.be/Ys_1q-SBHa8
99,Teacher,Primary ,Video cut,Hindi,,भाषा शिक्षण में वर्णन क्षमता || Description ability in language teaching,https://youtu.be/7mYXlUhf0Hk
100,Teacher,Upper Primary,Video cut,General Topics,,शिक्षा व भविष्य के रोजगार,https://youtu.be/DUZ0QjPIQMo
101,Teacher,Upper Primary,Video,Maths,Numbers,"संख्याओं का संसार: पूर्ण संख्याओं व पूर्णांकों से दोस्ती
",https://youtu.be/Q0vqWJWiTOE
102,Teacher,Primary ,Video ,Hindi,,पढ़ना: वर्णों से अर्थ की यात्रा,https://youtu.be/OwQfJEdLRWc
103,Teacher,Primary ,Video cut,English,Writing,Paragraph writing || How to write a Good Paragraph || analytical paragraph writing,https://youtu.be/kyJFHCUKxZg
104,Teacher,Primary ,Video cut,Hindi,,भाषा शिक्षण : मेरे सवाल - मेरे जवाब || Question - Answers in Language Teaching,https://youtu.be/HG_cxuNzIOM
105,Teacher,Upper Primary,Video cut,Maths,Algebra,प्राथमिक गणित से बीजगणित की यात्रा || A journey from Arithmetic to Algebra,https://youtu.be/FwEHHwkn7P4
106,Teacher,Upper Primary,Video,General Topics,,"शिक्षा में भय, दंड और अनुशासन",https://youtu.be/9WEEadxMXp0
107,Teacher,Upper Primary,Video,General Topics,,उच्च प्राथमिक स्तर पर विषयगत शिक्षण व सीखने-सिखाने की विधियां-उद्घाटन सत्र,https://youtu.be/SMDDn9FVCIw
108,Teacher,Primary ,Video,General Topics,,शिक्षकों के साथ संवाद ||,https://youtu.be/ECHn8RVdhOw
109,Teacher,Primary ,video,General Topics,,"आकलन, परीक्षा या सर्वेक्षण || VC Session",https://youtu.be/C6l_f8XtDOQ
110,Teacher,Primary ,Video cut,English,Writing,Different Styles of Writing || Teaching Reading and Writing,https://youtu.be/ymRN2nbN3gs
111,Teacher,Primary ,Video cut,English,Grammar,"Noun, Verbs and Adjectives || संज्ञा, क्रिया और विशेषण",https://youtu.be/JWK70EC8KYQ
112,Teacher,Primary ,Video,Pedagogy and Tech Tools,,ई-टूल्स के माध्यम से प्रभावी शिक्षण || सिरोही || राजस्थान,https://youtu.be/7fq8hLw3VPU
113,Teacher,Upper Primary,Video cut,Maths,Numbers,Introduction to integers || पूर्णांकों से परिचय,https://youtu.be/VcXIQBrYjIw
114,Teacher,Primary ,Video,Pedagogy and Tech Tools,,ई-टूल्स के माध्यम से प्रभावी शिक्षण || प्रतापगढ़ || राजस्थान,https://youtu.be/WuTHD0hIgR8
115,Teacher,Primary ,Video cut,Maths,Numbers,Prime Numbers activities || अभाज्य संख्या गतिविधि,https://youtu.be/qsH-lS-kvU0
116,Teacher,Primary ,Video,Maths,Numbers,गुणज-गुणनखण्ड का रिश्ता || VC Session on Maths Teaching,https://youtu.be/3SOdoGsTUn0
117,Teacher,Primary ,Video cut,Maths,Numbers,स्थानीय मान की गतिविधियां || Activities for place value concept,https://youtu.be/3ggxM52kdOQ
118,Teacher,Primary ,Video cut,English,Grammar,Introduction to Prepositions || संबंध सूचक अव्यय की जानकारी,https://youtu.be/x6anKRtCozo
119,Teacher,Primary ,Video cut,Hindi,,Hindi and English Activities using Pictures || चित्रों की मदद से हिन्दी व अंग्रेजी की गतिविधियाँ,https://youtu.be/5M2-9VQUMgs
120,Teacher,Primary ,Video,Pedagogy and Tech Tools,,ई-टूल्स के माध्यम से प्रभावी शिक्षण || डूंगरपुर || राजस्थान,https://youtu.be/BR85dcoxIqU
121,Teacher,Primary ,Video cut,English,Writing,English Vocabulary for primary classes || प्राथमिक कक्षाओं के लिए अंग्रेजी शब्दकोश,https://youtu.be/PRKooN1sqV0
122,Teacher,Primary ,Video,Pedagogy and Tech Tools,,ई-टूल्स के माध्यम से प्रभावी शिक्षण || बांसवाड़ा || राजस्थान,https://youtu.be/U2T5mPRp6eo
123,Teacher,Primary ,Video,English,Miscellaneous,पिटारा अंग्रेजी गतिविधियों का || VC Session on English Language Teaching,https://youtu.be/03fW6e2QAWw
124,Teacher,Primary ,Video cut,Hindi,,चित्रों की मदद से भाषा शिक्षण || Language teaching using pictures,https://youtu.be/tp8Fy2Fo7rg
125,Teacher,Primary ,Video,Maths,Miscellaneous,"""गणित शिक्षण के मजेदार और रुचिकर तरीके"" ||ऑनलाइन शिक्षक प्रशिक्षण || ठाणे",https://youtu.be/Y02Pb3cYDr4
126,Teacher,Primary ,Video,Pedagogy and Tech Tools,,ई-टूल्स के माध्यम से प्रभावी शिक्षण || कोटा || राजस्थान,https://youtu.be/-KXIyK9EFds
127,Teacher,Primary ,Video cut,Maths,Numbers,चित्रों की मदद से भिन्न शिक्षण || Fractions with the help of pictures,https://youtu.be/YAWkOnwyTv8
128,Teacher,Primary ,Video cut,Hindi,,"""र"" के विभिन्न रूप - हिन्दी भाषा शिक्षण || Hindi Language Teaching",https://youtu.be/Yhf3HpCnKwY
129,Teacher,Primary ,Video,Hindi,,सीखने-सिखाने के रोचक तरीके || हिंदी भाषा शिक्षण || VC for Teachers,https://youtu.be/xF3LmYmpU4Y
130,Teacher,Primary ,Video,Pedagogy and Tech Tools,,ई-टूल्स के माध्यम से प्रभावी शिक्षण || बारां || राजस्थान,https://youtu.be/G8PUqcbZrr8
131,Teacher,Primary ,Video cut,Hindi,,Language Teaching through Mind Mapping || माइन्ड मैपिंग की मदद से भाषा शिक्षण,https://youtu.be/PQUG_rAbqq4
132,Teacher,Primary ,Video cut,English,Grammar,"शब्दों की रिश्तेदारी - Homonyms, Homographs, Homophones",https://youtu.be/eXyDxc6Keyc
133,Teacher,Primary ,Video,Pedagogy and Tech Tools,,शैक्षणिक कार्यों में ई-प्लेटफार्म का उपयोग,https://youtu.be/hKcMcg_Y-VA
134,Teacher,Upper Primary,Video cut,Maths,Operations,भिन्न की संक्रियाएँ - एक मज़ेदार गतिविधि,https://youtu.be/q5aixdyXmpY
135,Teacher,Primary ,Video,Pedagogy and Tech Tools,,Basic Computer Skills Training for Teachers (ICT-SMSA),https://youtu.be/giVw2yvt_aM
136,Teacher,Primary ,Video cut,English,Reading,शब्द खेल - पाठ्यपुस्तक से अंग्रेजी शिक्षण,https://youtu.be/zf7MLFTspAs
137,Teacher,Primary ,Video cut,Pedagogy and Tech Tools,,Pragyan App Installation and User Guide,https://youtu.be/VdFSmITmX_I
138,Teacher,Primary ,Video,General Topics,,राष्ट्रीय शिक्षा नीति - 2020 || National Education Policy 2020 || NEP 2020 || VC for Teachers,https://youtu.be/j4ZRBzitLjU
139,Teacher,Primary ,Video,Pedagogy and Tech Tools,,ई-टूल्स के माध्यम से प्रभावी शिक्षण || टोंक || राजस्थान,https://youtu.be/Bl4o8SrhOrE
140,Teacher,Primary ,Video,Pedagogy and Tech Tools,,"शिक्षक अभिमुखीकरण, उत्तराखण्ड - कोविड पश्चात प्राथमिक शिक्षण",https://youtu.be/VWz4LB82lDc
141,Teacher,Primary ,Video,Pedagogy and Tech Tools,,ई-टूल्स के माध्यम से प्रभावी शिक्षण || चित्तोड़गढ़ || राजस्थान,https://youtu.be/Ova5Va-_kq4
142,Teacher,Primary ,Video,Pedagogy and Tech Tools,,ई-टूल्स के माध्यम से प्रभावी शिक्षण || भीलवाड़ा || राजस्थान,https://youtu.be/LflNJU8tN6U
143,Teacher,Primary ,Video,Hindi,,सवालों की दुनिया || VC for Teachers,https://youtu.be/u9P2eHEfsHw
144,Teacher,Primary ,Video,Pedagogy and Tech Tools,,ई-टूल्स के माध्यम से प्रभावी शिक्षण || पाली || राजस्थान,https://youtu.be/aa1ATtci49Y
145,Teacher,Primary ,Video,Pedagogy and Tech Tools,,ई-टूल्स के माध्यम से प्रभावी शिक्षण || बाड़मेर || राजस्थान,https://youtu.be/qqG4tRFeh64
146,Teacher,Primary ,Video,Pedagogy and Tech Tools,,"How to teach using digital tools || Teachers' Training || Bamanwas & Gangapur City, Sawai Madhopur",https://youtu.be/YUudc7QF_rc
147,Teacher,Primary ,Video,Pedagogy and Tech Tools,,ई-टूल्स के माध्यम से प्रभावी शिक्षण || जैसलमेर || राजस्थान,https://youtu.be/srRho2Qmp0g
148,Teacher,Primary ,Video,Pedagogy and Tech Tools,,ई-टूल्स के माध्यम से प्रभावी शिक्षण || बूंदी || राजस्थान,https://youtu.be/9_b4qCNYx3U
149,Teacher,Primary ,Video cut,Pedagogy and Tech Tools,,Google meet for online teaching,https://youtu.be/z3VG0At4ENA
150,Teacher,Primary ,Video cut,Pedagogy and Tech Tools,,Addressing emotional needs of the students,https://youtu.be/299kvwvryFI
151,Teacher,Primary ,Video cut,Maths,Numbers,वर्गीकरण एवं गिनना,https://youtu.be/xrNmxpUlGJo
152,Teacher,Primary ,Video cut,Maths,Numbers,गुणज एवं गुणनखंड || Multiples and factors,https://youtu.be/q842Z6DQuao
153,Teacher,Primary ,Video cut,English,Grammar,एकवचन और बहुवचन || Singular and Plural,https://youtu.be/w4aWNNxXNKA
154,Teacher,Primary ,Video ,Pedagogy and Tech Tools,,ई-टूल्स के माध्यम से प्रभावी शिक्षण || श्रीगंगानगर || राजस्थान,https://youtu.be/QOBWC6RDgrg
155,Teacher,Primary ,Video,Pedagogy and Tech Tools,,Online Training Program for Primary Teacher's || Maths & English || Hanumangarh || Rajasthan,https://youtu.be/oDbGmXtdrYU
156,Teacher,Primary ,Video,Pedagogy and Tech Tools,,How to use Google Classroom || Digital tools for teachers,https://youtu.be/-nvogYHZuyE
157,Teacher,Primary ,Video,Pedagogy and Tech Tools,,Google Tools for online teaching || Digital tools for teachers,https://youtu.be/Sdyt5DjI-AA
158,Teacher,Primary ,Video,Pedagogy and Tech Tools,,How to access MCGM Telegram channel and How to create videos for teaching,https://youtu.be/vpmkBiknRUA
159,Teacher,Primary ,Video cut,Pedagogy and Tech Tools,,"If Smartphone is not available, how to ensure learning",https://youtu.be/AUwmoMFjduA
160,Teacher,Primary ,Video cut,Pedagogy and Tech Tools,,How to operate WhatsApp || Digital tools for teachers,https://youtu.be/_1xLQhTrOlY
161,Teacher,Primary ,Video cut,Pedagogy and Tech Tools,,How to operate WhatsApp || Digital tools for teachers,https://youtu.be/5GF8MCvLza8
162,Teacher,Primary ,Video,Pedagogy and Tech Tools,,Impact of corona crisis on children,https://youtu.be/CJx7gfe7IVM
163,Teacher,Primary ,Video,Pedagogy and Tech Tools,,How to operate Google Meet || Digital tools for teachers,https://youtu.be/eDmFpvBleuY
164,Teacher,Primary ,Video,Pedagogy and Tech Tools,,"How to operate Zoom || Digital tools for teachers
",https://youtu.be/V4pXYisnxdA
165,Teacher,Primary ,Video,Pedagogy and Tech Tools,,ई-टूल्स के माध्यम से प्रभावी शिक्षण || हनुमानगढ़ || राजस्थान,https://youtu.be/VwqWwwRyu40
166,Teacher,Primary ,Video,Pedagogy and Tech Tools,,Online Training Program for Upper Primary and Secondary Teacher's || Rajsamand || Rajasthan,https://youtu.be/zxeKKZvy7oA
167,Teacher,Primary ,Video,Pedagogy and Tech Tools,,Online Training Program for Primary Teacher's || Rajsamand || Rajasthan,https://youtu.be/NsvFzCIxY1Q
168,Teacher,Primary ,Video,Pedagogy and Tech Tools,,"How to teach using digital tools || Teachers' Training || Bonli and Khander, Sawai Madhopur",https://youtu.be/V9Z2q3HUy2g
169,Teacher,Primary ,Video,Pedagogy and Tech Tools,,How to teach using digital tools || Aurangabad || Teachers' Training || Batch 2 || Day - 2,https://youtu.be/xZG_4fr6UXs
170,Teacher,Primary ,Video,Pedagogy and Tech Tools,,How to teach using digital tools || Aurangabad || Teachers' Training || Batch 2 || Day - 1,https://youtu.be/6OeJor-4LVU
171,Teacher,Primary ,Video cut,Pedagogy and Tech Tools,,EdIndia All India Teachers Online Quiz,https://youtu.be/3DGxVqZppjw
172,Teacher,Primary ,Video,Pedagogy and Tech Tools,,Digital Tools for Teaching and Training- Tripua- Batch-2 Day 3,https://youtu.be/JodU16dZId8
173,Teacher,Primary ,Video,Pedagogy and Tech Tools,,Digital Tools for Teaching and Training- Tripura- Batch-2 Day 2,https://youtu.be/wmVXKY099JY
174,Teacher,Primary ,Video,Pedagogy and Tech Tools,,Digital Tools for Teaching and Training- Tripura-Batch-2 Day 1,https://youtu.be/F_XHRZ_JgJk
175,Teacher,Primary ,Video,Pedagogy and Tech Tools,,Digital Tools for Teaching and Training || Day 3 || Tripura || KRP Training,https://youtu.be/vD5ML7aLpuk
176,Teacher,Primary ,Video,Pedagogy and Tech Tools,,Digital Tools for Teaching and Training || Day 2 || Tripura || KRP Training,https://youtu.be/nnu1nz_WTtw
177,Teacher,Primary ,Video,Pedagogy and Tech Tools,,How to teach using digital tools || Aurangabad || Teachers' Training || Day 2,https://youtu.be/FbMC-a9qmIo
178,Teacher,Primary ,Video,Pedagogy and Tech Tools,,Digital Tools for Teaching and Training || Day 1 || Tripura || KRP Training,https://youtu.be/1JAECm4_HuU
179,Teacher,Primary ,Video,Pedagogy and Tech Tools,,How to teach using digital tools || Aurangabad || Teachers' Training || Day - 1,https://youtu.be/6LveeNJrcVw
180,Teacher,Primary ,Video,Pedagogy and Tech Tools,,ई-टूल्स के माध्यम से प्रभावी शिक्षण: प्रोजेक्ट प्रज्ञान,https://youtu.be/w0cLR1J3HMs
181,Teacher,Primary ,Video,Pedagogy and Tech Tools,,How to teach using digital tools || Teachers' Training || Rajsamand || Rajasthan,https://youtu.be/dtuGd5cjc-o
182,Teacher,Primary ,Video,Pedagogy and Tech Tools,,Online Teacher Capacity Building - Part 3,https://youtu.be/tVsYek2IO8Y
183,Teacher,Primary ,Video,Maths,Geometry,कहानी एक 'फुट' की,https://youtu.be/HyHKut2Sv8I
184,Teacher,Primary ,Video,Pedagogy and Tech Tools,,Online Teacher Capacity Building- Part 2,https://youtu.be/Bq-yzWSqIvk
185,Teacher,Primary ,Video,Pedagogy and Tech Tools,,"शिक्षक- कल, आज और कल",https://youtu.be/iJhzwKSbLHc
186,Teacher,Primary ,Video,Pedagogy and Tech Tools,,ऑनलाइन शिक्षण प्रशिक्षण-ठाणे - Day 2,https://youtu.be/Ed1jb7ousZY
187,Teacher,Primary ,Video,Pedagogy and Tech Tools,,ऑनलाइन अध्यापन प्रशिक्षण- ठाणे- Day 1,https://youtu.be/yevJLWoWGLc
188,Teacher,Primary ,Video,Pedagogy and Tech Tools,,ऑनलाइन अध्यापन प्रशिक्षण- Day 3,https://youtu.be/amVtzc4AfJA
189,Teacher,Primary ,Video,Pedagogy and Tech Tools,,ऑनलाइन अध्यापन प्रशिक्षण Day 2,https://youtu.be/ynPt-vBbc6A
190,Teacher,Primary ,Video,Pedagogy and Tech Tools,,ऑनलाइन अध्यापन प्रशिक्षण,https://youtu.be/8SAje-qYXmc
191,Teacher,Primary ,Video,English,Grammar,शब्दों की रिश्तेदारी,https://youtu.be/QuwwCqDJOvU
192,Teacher,Primary ,Video,General Topics,,"शिक्षा व्यवस्था, कुछ ऐसी भी",https://youtu.be/rYJIq8q_nwc
193,Teacher,Primary ,Video cut,Maths,Numbers,"गिनती एवं तुलना सिखाना
",https://youtu.be/GvQiObV5Xbc
194,Teacher,Primary ,Video cut,Maths,Numbers,"

स्थानीय मान पढ़ाना",https://youtu.be/ip6jncOO3nM
195,Teacher,Primary ,Video cut,Maths,Numbers,गणितीय अनुमान || Mathematical Estimation,https://youtu.be/ka9u-CToKKI
196,Teacher,Primary ,Video ,Maths,Operations,गणितीय संक्रियाओं का उलटफेर,https://youtu.be/4gnYe-nuZzo
197,Teacher,Primary ,Video cut,English,Grammar,क्रिया || Verb,https://youtu.be/h-v9lZAvAcA
198,Teacher,Primary ,Video,Pedagogy and Tech Tools,,हम भूल क्यूँ जाते हैं? - VC for Teachers,https://youtu.be/AyLN_iITD7M
199,Teacher,Primary ,Video cut,English,Listenig & Speaking,VC for Teachers - English Speaking Part 1,https://youtu.be/eh2f6JeByNY
200,Teacher,Primary ,Video,Pedagogy and Tech Tools,,Pragyan | VC for Teachers | 21 Jan 2020,https://youtu.be/wnrTaWpPG2I
201,Teacher,Primary ,Video,Maths,Numbers,गणित गतिविधि : सपाट पासा,https://youtu.be/QQzkmKYzR60
202,Teacher,Primary ,Video,Hindi,,भाषा की एक कक्षा,https://youtu.be/UqGOzi5XXj0
203,Teacher,Primary ,Video,Hindi,,फल फूल सब्जी : शब्दकोश बढ़ाने के लिए गतिविधि,https://youtu.be/m_BI9pNpi0M
204,Teacher,Primary ,Video,Hindi,,फल फूल सब्जी Activity,https://youtu.be/cWbciRuJPUk
205,Teacher,Primary ,Video,Pedagogy and Tech Tools,,"Pragyan VC | Multiplication , Primary English",https://youtu.be/cWKcAL_d9g0
206,Teacher,Primary ,Video,Maths,Miscellaneous,Activities for Primary Language & Math Teaching | Pragyan,https://youtu.be/te28Q4Lm_30
207,Teacher,Primary ,Video,English,Grammar,English Teaching - Prepositions | Govt. School Rajasthan | Pragyan,https://youtu.be/Eeerz5_qBZ8
208,Teacher,Primary ,Video,English,Grammar,English - There is/are | Govt School Rajasthan | Pragyan,https://youtu.be/aBNwh3ZY_fw
209,Teacher,Primary ,Video,Pedagogy and Tech Tools,,Primary English and Math Teaching | Pragyan,https://youtu.be/yVKmcHCqAE8
210,Student,Primary ,Video ,Maths,Geometry,सममिति,https://youtu.be/BamAnAhokiI
211,Student,Primary ,Video ,Maths,Data Handling and Patterns,आओ आंकड़े एकत्रित करें,https://youtu.be/X9m8Dck1Z5M
212,Student,Primary ,Video ,Maths,Numbers,बँटवारा भिन्न संख्या,https://youtu.be/pfBaGWHxRqk
213,Student,Primary ,Video ,Maths,Measurement,क्षेत्रफल के बारे में जाने,https://youtu.be/x7MX-rXENvk
214,Student,Primary ,Video ,Maths,Measurement,लम्बाई मापन,https://youtu.be/aM3RKFlOP-Y
215,Student,Primary ,Video ,Maths,Measurement,धारिता,https://youtu.be/1MiYL4-5Tbc
216,Student,Primary ,Video ,Maths,Measurement,भार के बारे में जाने,https://youtu.be/7kARy33lWFk
217,Student,Primary ,Video ,Maths,Measurement,समय,https://youtu.be/6671LzF9wi4
218,Student,Primary ,Video ,Maths,Geometry,अलग अलग आकृतियां,https://youtu.be/pfu9izkVzqc
219,Student,Primary ,Video ,Maths,Measurement,परिमाप एंव क्षेत्रफल,https://youtu.be/QrBH9FdAOeo
220,Student,Primary ,Video ,Maths,Numbers,वैदिक गणित परिचय,https://youtu.be/GJogdg4OO38
221,Student,Primary ,Video ,Maths,Measurement,मापन लम्बाई,https://youtu.be/Wqbik431VjI
222,Student,Primary ,Video ,Maths,Geometry,ज्यामिती,https://youtu.be/CL2fJx8bScQ
223,Student,Primary ,Video ,Maths,Measurement,धारिता,https://youtu.be/Jkv4OBJPd7k
224,Student,Primary ,Video ,Maths,Measurement,भार,https://youtu.be/Y2JZYQviS94
225,Student,Primary ,Video ,Maths,Measurement,समय,https://youtu.be/3X65yMIC4BQ
226,Student,Primary ,Video ,Maths,Data Handling and Patterns,आँकड़े एकत्रित करें,https://youtu.be/SG79e-mAZ9s
227,Student,Primary ,Video ,Maths,Measurement,मुद्रा,https://youtu.be/cqDnPQ5OweQ
228,Student,Primary ,Video ,Maths,Data Handling and Patterns,पैटर्न,https://youtu.be/EK33QNYIaIQ
229,Student,Primary ,Video ,Maths,Numbers,तुल्य भिन्न,https://youtu.be/d6RaB8b3z6A
230,Student,Primary ,Video ,Maths,Numbers,गुणनखंड,https://youtu.be/dSOVL8qjNSA
231,Student,Primary ,Video ,Maths,Operations,संख्याओं में जोड़,https://youtu.be/XNuPextRPFg
232,Student,Primary ,Video ,Maths,Operations,संख्याओं में घटाव,https://youtu.be/PaS412uf3hU
233,Student,Primary ,Video ,Maths,Operations,गुणा,https://youtu.be/tdTELYccHk8
234,Student,Primary ,Video ,Maths,Operations,भाग से परिचय,https://youtu.be/knnLV49ow_k
235,Student,Primary ,Video ,Maths,Operations,बताओ भाई कितना गुना,https://youtu.be/s6G0ZOLdbig
236,Student,Primary ,Video,Maths,Operations,दो अंको की संख्याओं की जोड़,https://youtu.be/h4_r60lgW6M
237,Student,Primary ,Video,English,Reading,Firefly in my room,https://youtu.be/OyznTsLedc4
238,Student,Primary ,Video,English,Grammar ,Prefix and Suffix,https://youtu.be/cPkVYyZzFjA
239,Student,Primary ,Video,English,Reading,Rhyming words,https://youtu.be/Pa_Tio6RdOk
240,Student,Primary ,Video,English,Listening & Speaking,Say no to tobacco,https://youtu.be/xs13J8LyU1Y
241,Student,Primary ,Video,English,Grammar ,Simple past tense,https://youtu.be/9ybl35lm-Hk
242,Student,Primary ,Video,English,Grammar ,Affirmative and Negative sentences,https://youtu.be/_cOebc_lU1M
243,Student,Primary ,Video,English,Grammar ,Prepositions,https://youtu.be/TD8s3ZT-_7c
244,Student,Primary ,Video,English,Reading,VIBGYOR,https://youtu.be/jY6bvK4oZZw
245,Student,Primary ,Video,English,Grammar ,Emphatic Pronouns,https://youtu.be/9JprwkMfvvQ
246,Student,Primary ,Video,English,Reading,We shall overcome,https://youtu.be/5ZL-kedP7nY
247,Student,Primary ,Video,English,Writing,Writing sentences,https://youtu.be/0z-XduSr3F0
248,Student,Primary ,Video,English,Grammar ,"Singular and Plural, Use of He and She",https://youtu.be/0E6cBDqH0VY
249,Student,Primary ,Video,English,Reading,Seasons,https://youtu.be/Y5OrkXStPsI
250,Student,Primary ,Video,English,Reading,Our Lifeline the Trees,https://youtu.be/wod_TPaGE5g
251,Student,Primary ,Video,English,Reading,Jumbled Words,https://youtu.be/Zv6KGPujHDg
252,Student,Primary ,Video,English,Grammar ,This and These,https://youtu.be/xgGKXUvsl6c
253,Student,Primary ,Video,English,Grammar ,Use of Suffix,https://youtu.be/BDA_BmyXGjk
254,Student,Primary ,Video,English,Reading,Traffic Lights,https://youtu.be/vHuLxU92pUI
255,Student,Primary ,Video,English,Grammar ,Use of article A and An,https://youtu.be/MdB5ldTnIn0
256,Student,Primary ,Video,English,Reading,Rhyming words,https://youtu.be/3GRBaX9hJtQ
257,Student,Primary ,Video,Maths,Numbers,दस हज़ार तक संख्यांक में स्थानीय मान,https://youtu.be/aJnTLNcr1Fg
258,Student,Primary ,Video,Maths,Numbers,संख्याएँ,https://youtu.be/bWsmxAk0CR0
259,Student,Primary ,Video,Maths,Operations,घटाव,https://youtu.be/eFHqQ30QIJE
260,Student,Primary ,Video,English,Reading,Lesson No. 1 - Introduction to Phonics | How to Introduce Phonics to Students? | Lesson Plan,https://youtu.be/xT0eyoK_iGU
261,Student,Primary ,Video,English,Grammar ,Compound Words,https://youtu.be/V8gKiXuSE5M
262,Student,Primary ,Video,Maths,Numbers,भिन्न की समझ,https://youtu.be/jX6AjWm4qmU
263,Student,Primary ,Video,English,Reading,Work while you work,https://youtu.be/ojzETuEyaUw
264,Student,Primary ,Video,English,Grammar ,Use of conjunctions,https://youtu.be/oUMWZ2hboqg
265,Aspiring Teacher,Video,Maths,Numbers,Understanding Fractions - Whole and Part,भिन्न संख्याएँ – टुकड़े या पूरे,  
266,Aspiring Teacher,Video Cut,Maths,Operations,Operations in Integers made easy,पूर्णांकों के साथ संक्रियाएँ || Operations in Integers,https://youtu.be/v44GnG5rcq4 
267,Aspiring Teacher,Video Cut,Maths,Numbers,Easy to make TLM for teaching Place Value,गणित की कॉपी से टीएलएम || Place Value TLM with Maths Notebook,https://youtu.be/B8M1--F4buY 
268,Aspiring Teacher,Video,Maths,Numbers,Fun with Place Value - Ones and Tens,"इकाई, दहाई और आगे",https://youtu.be/mULStcte_ag
269,Aspiring Teacher,Video,Maths,Miscellaneous,Let's make TLMs,TLM निर्माण और उसका उपयोग,https://youtu.be/8MR-JF8ejaE
270,Aspiring Teacher,Video,Maths,Miscellaneous,How to create effective Lesson plans?,शिक्षण योजना का निर्माण,https://youtu.be/fOtDIm5cFag
271,Aspiring Teacher,Video,Maths,Numbers,How to teach counting?,गिनना कैसे सिखाएं ?,https://youtu.be/JzmDcnfSdHc
272,Aspiring Teacher,Video ,Maths,Miscellaneous,Understanding the Nature of Math,गणित की प्रकृति,https://youtu.be/ikHx-L_sn2E
273,Aspiring Teacher,Video ,Maths,Miscellaneous,Importance of Math in Upper Primary classes,उच्च प्राथमिक कक्षाओं में गणित शिक्षण,https://youtu.be/aLlza8vnm18
274,Aspiring Teacher,Video ,Maths,Miscellaneous,Nature & Pedagogy of Mathematics Teaching,गणित शिक्षण : प्रकृति एवं शिक्षणशास्त्र // Nature & Pedagogy of Mathematics Teaching,https://youtu.be/14sHD7L-60I
